swconfig	hwconfig	m	n	k	cpu	gemmini
hw_g1_dse5	fsm_tiler	1	1024	1	32159	10895
hw_g1_dse5	fsm_tiler	1	1024	4	70395	11510
hw_g1_dse5	fsm_tiler	1	1024	16	203213	13387
hw_g1_dse5	fsm_tiler	1	1024	64	1467488	39169
hw_g1_dse5	fsm_tiler	1	1024	256	6464542	138155
hw_g1_dse5	fsm_tiler	4	256	1	32177	4128
hw_g1_dse5	fsm_tiler	4	256	4	69923	4115
hw_g1_dse5	fsm_tiler	4	256	16	193387	4605
hw_g1_dse5	fsm_tiler	4	256	64	719459	11516
hw_g1_dse5	fsm_tiler	4	256	256	5788100	35191
hw_g1_dse5	fsm_tiler	16	64	1	32339	2344
hw_g1_dse5	fsm_tiler	16	64	4	70011	2461
hw_g1_dse5	fsm_tiler	16	64	16	193230	2525
hw_g1_dse5	fsm_tiler	16	64	64	685312	4436
hw_g1_dse5	fsm_tiler	16	64	256	2868632	11026
hw_g1_dse5	fsm_tiler	32	32	1	32465	2428
hw_g1_dse5	fsm_tiler	32	32	4	70090	2345
hw_g1_dse5	fsm_tiler	32	32	16	193323	2448
hw_g1_dse5	fsm_tiler	32	32	64	685099	3933
hw_g1_dse5	fsm_tiler	32	32	256	2656915	9571
hw_g1_dse5	fsm_tiler	64	16	1	33028	2142
hw_g1_dse5	fsm_tiler	64	16	4	70308	2251
hw_g1_dse5	fsm_tiler	64	16	16	193953	2420
hw_g1_dse5	fsm_tiler	64	16	64	685718	3782
hw_g1_dse5	fsm_tiler	64	16	256	2656582	9131
hw_g1_dse5	fsm_tiler	256	4	1	35823	3855
hw_g1_dse5	fsm_tiler	256	4	4	71843	3795
hw_g1_dse5	fsm_tiler	256	4	16	197544	4004
hw_g1_dse5	fsm_tiler	256	4	64	691438	9241
hw_g1_dse5	fsm_tiler	256	4	256	2669349	26755
hw_g1_dse5	fsm_tiler	1024	1	1	41378	9429
hw_g1_dse5	fsm_tiler	1024	1	4	72887	10158
hw_g1_dse5	fsm_tiler	1024	1	16	205305	10696
hw_g1_dse5	fsm_tiler	1024	1	64	707388	28136
hw_g1_dse5	fsm_tiler	1024	1	256	2715230	97491
hw_g1_dse5	orig_tiler	1	1024	1	31205	11765
hw_g1_dse5	orig_tiler	1	1024	4	62399	12105
hw_g1_dse5	orig_tiler	1	1024	16	202048	13143
hw_g1_dse5	orig_tiler	1	1024	64	1464142	22910
hw_g1_dse5	orig_tiler	1	1024	256	6411319	69612
hw_g1_dse5	orig_tiler	4	256	1	31155	4041
hw_g1_dse5	orig_tiler	4	256	4	61871	4120
hw_g1_dse5	orig_tiler	4	256	16	191273	4595
hw_g1_dse5	orig_tiler	4	256	64	710396	7713
hw_g1_dse5	orig_tiler	4	256	256	5784274	18746
hw_g1_dse5	orig_tiler	16	64	1	31277	2120
hw_g1_dse5	orig_tiler	16	64	4	61992	2080
hw_g1_dse5	orig_tiler	16	64	16	191207	2132
hw_g1_dse5	orig_tiler	16	64	64	683408	3157
hw_g1_dse5	orig_tiler	16	64	256	2845482	6101
hw_g1_dse5	orig_tiler	32	32	1	31597	2073
hw_g1_dse5	orig_tiler	32	32	4	62315	2106
hw_g1_dse5	orig_tiler	32	32	16	191350	2122
hw_g1_dse5	orig_tiler	32	32	64	683363	2932
hw_g1_dse5	orig_tiler	32	32	256	2653797	5872
hw_g1_dse5	orig_tiler	64	16	1	32299	2060
hw_g1_dse5	orig_tiler	64	16	4	63015	2089
hw_g1_dse5	orig_tiler	64	16	16	192093	2167
hw_g1_dse5	orig_tiler	64	16	64	684076	3009
hw_g1_dse5	orig_tiler	64	16	256	2654762	5529
hw_g1_dse5	orig_tiler	256	4	1	36177	4408
hw_g1_dse5	orig_tiler	256	4	4	66888	4363
hw_g1_dse5	orig_tiler	256	4	16	196257	4749
hw_g1_dse5	orig_tiler	256	4	64	690412	7502
hw_g1_dse5	orig_tiler	256	4	256	2668413	15028
hw_g1_dse5	orig_tiler	1024	1	1	45481	13304
hw_g1_dse5	orig_tiler	1024	1	4	76855	13556
hw_g1_dse5	orig_tiler	1024	1	16	208306	14232
hw_g1_dse5	orig_tiler	1024	1	64	710330	21487
hw_g1_dse5	orig_tiler	1024	1	256	2717881	53076
hw_g1_dse6	fsm_tiler	1	1024	1	32061	12448
hw_g1_dse6	fsm_tiler	1	1024	4	70459	13818
hw_g1_dse6	fsm_tiler	1	1024	16	204355	16726
hw_g1_dse6	fsm_tiler	1	1024	64	1467583	45387
hw_g1_dse6	fsm_tiler	1	1024	256	6465272	160786
hw_g1_dse6	fsm_tiler	4	256	1	32102	4550
hw_g1_dse6	fsm_tiler	4	256	4	69916	4603
hw_g1_dse6	fsm_tiler	4	256	16	193471	5232
hw_g1_dse6	fsm_tiler	4	256	64	719494	12338
hw_g1_dse6	fsm_tiler	4	256	256	5787875	38715
hw_g1_dse6	fsm_tiler	16	64	1	32243	2473
hw_g1_dse6	fsm_tiler	16	64	4	69956	2620
hw_g1_dse6	fsm_tiler	16	64	16	193296	2790
hw_g1_dse6	fsm_tiler	16	64	64	685417	4372
hw_g1_dse6	fsm_tiler	16	64	256	2868858	11183
hw_g1_dse6	fsm_tiler	32	32	1	32478	2511
hw_g1_dse6	fsm_tiler	32	32	4	70071	2552
hw_g1_dse6	fsm_tiler	32	32	16	193218	2627
hw_g1_dse6	fsm_tiler	32	32	64	685339	3855
hw_g1_dse6	fsm_tiler	32	32	256	2657812	9570
hw_g1_dse6	fsm_tiler	64	16	1	32999	2420
hw_g1_dse6	fsm_tiler	64	16	4	70315	2479
hw_g1_dse6	fsm_tiler	64	16	16	193754	2417
hw_g1_dse6	fsm_tiler	64	16	64	685785	3974
hw_g1_dse6	fsm_tiler	64	16	256	2656620	10265
hw_g1_dse6	fsm_tiler	256	4	1	35907	4166
hw_g1_dse6	fsm_tiler	256	4	4	72020	4123
hw_g1_dse6	fsm_tiler	256	4	16	197480	4489
hw_g1_dse6	fsm_tiler	256	4	64	691685	9671
hw_g1_dse6	fsm_tiler	256	4	256	2669068	33222
hw_g1_dse6	fsm_tiler	1024	1	1	41378	12080
hw_g1_dse6	fsm_tiler	1024	1	4	73104	12167
hw_g1_dse6	fsm_tiler	1024	1	16	205256	12761
hw_g1_dse6	fsm_tiler	1024	1	64	707420	31077
hw_g1_dse6	fsm_tiler	1024	1	256	2714744	127903
hw_g1_dse6	orig_tiler	1	1024	1	30952	11958
hw_g1_dse6	orig_tiler	1	1024	4	62364	12387
hw_g1_dse6	orig_tiler	1	1024	16	201745	13428
hw_g1_dse6	orig_tiler	1	1024	64	1464043	25825
hw_g1_dse6	orig_tiler	1	1024	256	6411788	76101
hw_g1_dse6	orig_tiler	4	256	1	31062	4294
hw_g1_dse6	orig_tiler	4	256	4	61745	4406
hw_g1_dse6	orig_tiler	4	256	16	191553	4660
hw_g1_dse6	orig_tiler	4	256	64	711367	8322
hw_g1_dse6	orig_tiler	4	256	256	5784396	20565
hw_g1_dse6	orig_tiler	16	64	1	31286	2101
hw_g1_dse6	orig_tiler	16	64	4	62199	2018
hw_g1_dse6	orig_tiler	16	64	16	191262	2187
hw_g1_dse6	orig_tiler	16	64	64	683315	3398
hw_g1_dse6	orig_tiler	16	64	256	2844233	6485
hw_g1_dse6	orig_tiler	32	32	1	31630	2043
hw_g1_dse6	orig_tiler	32	32	4	62336	2000
hw_g1_dse6	orig_tiler	32	32	16	191291	2168
hw_g1_dse6	orig_tiler	32	32	64	683441	3256
hw_g1_dse6	orig_tiler	32	32	256	2654290	5909
hw_g1_dse6	orig_tiler	64	16	1	32256	2108
hw_g1_dse6	orig_tiler	64	16	4	62936	2091
hw_g1_dse6	orig_tiler	64	16	16	192186	2076
hw_g1_dse6	orig_tiler	64	16	64	684126	3126
hw_g1_dse6	orig_tiler	64	16	256	2654650	5914
hw_g1_dse6	orig_tiler	256	4	1	36287	4506
hw_g1_dse6	orig_tiler	256	4	4	66801	4419
hw_g1_dse6	orig_tiler	256	4	16	196373	4842
hw_g1_dse6	orig_tiler	256	4	64	690440	7533
hw_g1_dse6	orig_tiler	256	4	256	2668718	16631
hw_g1_dse6	orig_tiler	1024	1	1	45481	13402
hw_g1_dse6	orig_tiler	1024	1	4	76839	13594
hw_g1_dse6	orig_tiler	1024	1	16	207908	14291
hw_g1_dse6	orig_tiler	1024	1	64	710619	22301
hw_g1_dse6	orig_tiler	1024	1	256	2718029	61319
hw_g1_dse7	fsm_tiler	1	1024	1	32182	14514
hw_g1_dse7	fsm_tiler	1	1024	4	70468	15852
hw_g1_dse7	fsm_tiler	1	1024	16	203412	17601
hw_g1_dse7	fsm_tiler	1	1024	64	1467634	48154
hw_g1_dse7	fsm_tiler	1	1024	256	6464901	164962
hw_g1_dse7	fsm_tiler	4	256	1	32095	5156
hw_g1_dse7	fsm_tiler	4	256	4	69899	5149
hw_g1_dse7	fsm_tiler	4	256	16	193091	5853
hw_g1_dse7	fsm_tiler	4	256	64	720675	13493
hw_g1_dse7	fsm_tiler	4	256	256	5789667	41507
hw_g1_dse7	fsm_tiler	16	64	1	32309	2692
hw_g1_dse7	fsm_tiler	16	64	4	70017	2612
hw_g1_dse7	fsm_tiler	16	64	16	193257	2608
hw_g1_dse7	fsm_tiler	16	64	64	685199	4797
hw_g1_dse7	fsm_tiler	16	64	256	2871843	12547
hw_g1_dse7	fsm_tiler	32	32	1	32501	2297
hw_g1_dse7	fsm_tiler	32	32	4	70090	2251
hw_g1_dse7	fsm_tiler	32	32	16	193262	2346
hw_g1_dse7	fsm_tiler	32	32	64	685270	4022
hw_g1_dse7	fsm_tiler	32	32	256	2656898	9699
hw_g1_dse7	fsm_tiler	64	16	1	33048	2198
hw_g1_dse7	fsm_tiler	64	16	4	70380	2198
hw_g1_dse7	fsm_tiler	64	16	16	193985	2292
hw_g1_dse7	fsm_tiler	64	16	64	685779	3717
hw_g1_dse7	fsm_tiler	64	16	256	2656805	8991
hw_g1_dse7	fsm_tiler	256	4	1	35926	3211
hw_g1_dse7	fsm_tiler	256	4	4	72025	3181
hw_g1_dse7	fsm_tiler	256	4	16	197569	3495
hw_g1_dse7	fsm_tiler	256	4	64	691570	7899
hw_g1_dse7	fsm_tiler	256	4	256	2669069	23023
hw_g1_dse7	fsm_tiler	1024	1	1	41445	7397
hw_g1_dse7	fsm_tiler	1024	1	4	73045	7636
hw_g1_dse7	fsm_tiler	1024	1	16	205055	8473
hw_g1_dse7	fsm_tiler	1024	1	64	707451	22290
hw_g1_dse7	fsm_tiler	1024	1	256	2713405	80004
hw_g1_dse7	orig_tiler	1	1024	1	31083	10409
hw_g1_dse7	orig_tiler	1	1024	4	65494	10728
hw_g1_dse7	orig_tiler	1	1024	16	218778	11486
hw_g1_dse7	orig_tiler	1	1024	64	1594941	21119
hw_g1_dse7	orig_tiler	1	1024	256	6990058	68547
hw_g1_dse7	orig_tiler	4	256	1	31309	3771
hw_g1_dse7	orig_tiler	4	256	4	65061	3785
hw_g1_dse7	orig_tiler	4	256	16	207850	4229
hw_g1_dse7	orig_tiler	4	256	64	778294	7121
hw_g1_dse7	orig_tiler	4	256	256	6305845	18921
hw_g1_dse7	orig_tiler	16	64	1	31286	2233
hw_g1_dse7	orig_tiler	16	64	4	65152	2217
hw_g1_dse7	orig_tiler	16	64	16	207568	2213
hw_g1_dse7	orig_tiler	16	64	64	748892	3205
hw_g1_dse7	orig_tiler	16	64	256	3123857	7071
hw_g1_dse7	orig_tiler	32	32	1	31561	2171
hw_g1_dse7	orig_tiler	32	32	4	65548	2175
hw_g1_dse7	orig_tiler	32	32	16	207735	2225
hw_g1_dse7	orig_tiler	32	32	64	749014	3100
hw_g1_dse7	orig_tiler	32	32	256	2916898	6426
hw_g1_dse7	orig_tiler	64	16	1	32354	2131
hw_g1_dse7	orig_tiler	64	16	4	66074	2141
hw_g1_dse7	orig_tiler	64	16	16	208572	2187
hw_g1_dse7	orig_tiler	64	16	64	749594	3180
hw_g1_dse7	orig_tiler	64	16	256	2917590	6216
hw_g1_dse7	orig_tiler	256	4	1	36136	3721
hw_g1_dse7	orig_tiler	256	4	4	69932	3782
hw_g1_dse7	orig_tiler	256	4	16	212873	3952
hw_g1_dse7	orig_tiler	256	4	64	756247	6375
hw_g1_dse7	orig_tiler	256	4	256	2931811	14692
hw_g1_dse7	orig_tiler	1024	1	1	45407	10518
hw_g1_dse7	orig_tiler	1024	1	4	80144	10792
hw_g1_dse7	orig_tiler	1024	1	16	224846	11733
hw_g1_dse7	orig_tiler	1024	1	64	777231	18955
hw_g1_dse7	orig_tiler	1024	1	256	2984776	55298
hw_g1_dse8	fsm_tiler	1	1024	1	32100	8296
hw_g1_dse8	fsm_tiler	1	1024	4	72316	8672
hw_g1_dse8	fsm_tiler	1	1024	16	219378	10629
hw_g1_dse8	fsm_tiler	1	1024	64	1594981	19350
hw_g1_dse8	fsm_tiler	1	1024	256	6985114	54634
hw_g1_dse8	fsm_tiler	4	256	1	32061	3581
hw_g1_dse8	fsm_tiler	4	256	4	72044	3511
hw_g1_dse8	fsm_tiler	4	256	16	207587	3997
hw_g1_dse8	fsm_tiler	4	256	64	779109	6530
hw_g1_dse8	fsm_tiler	4	256	256	6307685	14795
hw_g1_dse8	fsm_tiler	16	64	1	32314	2305
hw_g1_dse8	fsm_tiler	16	64	4	72095	2277
hw_g1_dse8	fsm_tiler	16	64	16	207367	2384
hw_g1_dse8	fsm_tiler	16	64	64	748901	3097
hw_g1_dse8	fsm_tiler	16	64	256	3121658	6145
hw_g1_dse8	fsm_tiler	32	32	1	32530	1975
hw_g1_dse8	fsm_tiler	32	32	4	72273	1868
hw_g1_dse8	fsm_tiler	32	32	16	207587	2041
hw_g1_dse8	fsm_tiler	32	32	64	748861	2668
hw_g1_dse8	fsm_tiler	32	32	256	2917416	4593
hw_g1_dse8	fsm_tiler	64	16	1	32986	2126
hw_g1_dse8	fsm_tiler	64	16	4	72461	2033
hw_g1_dse8	fsm_tiler	64	16	16	208254	2190
hw_g1_dse8	fsm_tiler	64	16	64	749514	2730
hw_g1_dse8	fsm_tiler	64	16	256	2917423	5480
hw_g1_dse8	fsm_tiler	256	4	1	36167	2850
hw_g1_dse8	fsm_tiler	256	4	4	74472	2676
hw_g1_dse8	fsm_tiler	256	4	16	211937	2980
hw_g1_dse8	fsm_tiler	256	4	64	755370	5249
hw_g1_dse8	fsm_tiler	256	4	256	2930733	11971
hw_g1_dse8	fsm_tiler	1024	1	1	42291	5650
hw_g1_dse8	fsm_tiler	1024	1	4	77195	5612
hw_g1_dse8	fsm_tiler	1024	1	16	220844	6156
hw_g1_dse8	fsm_tiler	1024	1	64	772978	13168
hw_g1_dse8	fsm_tiler	1024	1	256	2979897	42176
hw_g1_dse8	orig_tiler	1	1024	1	31111	7271
hw_g1_dse8	orig_tiler	1	1024	4	62415	7520
hw_g1_dse8	orig_tiler	1	1024	16	201525	8492
hw_g1_dse8	orig_tiler	1	1024	64	1465664	11016
hw_g1_dse8	orig_tiler	1	1024	256	6400368	30522
hw_g1_dse8	orig_tiler	4	256	1	31191	2870
hw_g1_dse8	orig_tiler	4	256	4	61895	2980
hw_g1_dse8	orig_tiler	4	256	16	191291	3384
hw_g1_dse8	orig_tiler	4	256	64	718359	4794
hw_g1_dse8	orig_tiler	4	256	256	5785870	9594
hw_g1_dse8	orig_tiler	16	64	1	31369	1842
hw_g1_dse8	orig_tiler	16	64	4	62092	1918
hw_g1_dse8	orig_tiler	16	64	16	191066	2049
hw_g1_dse8	orig_tiler	16	64	64	683266	2535
hw_g1_dse8	orig_tiler	16	64	256	2869033	4570
hw_g1_dse8	orig_tiler	32	32	1	31717	1769
hw_g1_dse8	orig_tiler	32	32	4	62404	1796
hw_g1_dse8	orig_tiler	32	32	16	191337	1884
hw_g1_dse8	orig_tiler	32	32	64	683264	2340
hw_g1_dse8	orig_tiler	32	32	256	2654296	4232
hw_g1_dse8	orig_tiler	64	16	1	32390	1853
hw_g1_dse8	orig_tiler	64	16	4	62935	1869
hw_g1_dse8	orig_tiler	64	16	16	192282	1901
hw_g1_dse8	orig_tiler	64	16	64	683925	2594
hw_g1_dse8	orig_tiler	64	16	256	2655203	4514
hw_g1_dse8	orig_tiler	256	4	1	36182	3062
hw_g1_dse8	orig_tiler	256	4	4	66845	3121
hw_g1_dse8	orig_tiler	256	4	16	196474	3256
hw_g1_dse8	orig_tiler	256	4	64	690574	4555
hw_g1_dse8	orig_tiler	256	4	256	2668662	9576
hw_g1_dse8	orig_tiler	1024	1	1	45683	7415
hw_g1_dse8	orig_tiler	1024	1	4	76667	7627
hw_g1_dse8	orig_tiler	1024	1	16	207907	8689
hw_g1_dse8	orig_tiler	1024	1	64	710671	11817
hw_g1_dse8	orig_tiler	1024	1	256	2718515	37340
hw_g2_dse1	hw_tiler	1	1024	1	31055	5759
hw_g2_dse1	hw_tiler	1	1024	4	62629	7170
hw_g2_dse1	hw_tiler	1	1024	16	205370	10257
hw_g2_dse1	hw_tiler	1	1024	64	1726394	26374
hw_g2_dse1	hw_tiler	1	1024	256	7471168	87198
hw_g2_dse1	hw_tiler	4	256	1	31156	2328
hw_g2_dse1	hw_tiler	4	256	4	61893	2536
hw_g2_dse1	hw_tiler	4	256	16	191515	3585
hw_g2_dse1	hw_tiler	4	256	64	727239	7334
hw_g2_dse1	hw_tiler	4	256	256	6834243	21876
hw_g2_dse1	hw_tiler	16	64	1	31386	1426
hw_g2_dse1	hw_tiler	16	64	4	62104	1609
hw_g2_dse1	hw_tiler	16	64	16	191109	1957
hw_g2_dse1	hw_tiler	16	64	64	683894	2880
hw_g2_dse1	hw_tiler	16	64	256	2940870	7276
hw_g2_dse1	hw_tiler	32	32	1	31631	1594
hw_g2_dse1	hw_tiler	32	32	4	62404	1565
hw_g2_dse1	hw_tiler	32	32	16	191490	1701
hw_g2_dse1	hw_tiler	32	32	64	683747	2287
hw_g2_dse1	hw_tiler	32	32	256	2656594	5460
hw_g2_dse1	hw_tiler	64	16	1	32401	1193
hw_g2_dse1	hw_tiler	64	16	4	63110	1306
hw_g2_dse1	hw_tiler	64	16	16	192071	1447
hw_g2_dse1	hw_tiler	64	16	64	684281	2483
hw_g2_dse1	hw_tiler	64	16	256	2656564	5131
hw_g2_dse1	hw_tiler	256	4	1	36275	1744
hw_g2_dse1	hw_tiler	256	4	4	67015	1840
hw_g2_dse1	hw_tiler	256	4	16	196740	2232
hw_g2_dse1	hw_tiler	256	4	64	691403	5482
hw_g2_dse1	hw_tiler	256	4	256	2673511	13411
hw_g2_dse1	hw_tiler	1024	1	1	45672	4850
hw_g2_dse1	hw_tiler	1024	1	4	77140	5387
hw_g2_dse1	hw_tiler	1024	1	16	209120	6497
hw_g2_dse1	hw_tiler	1024	1	64	715271	15373
hw_g2_dse1	hw_tiler	1024	1	256	2735462	50484
hw_g2_dse2	hw_tiler	1	1024	1	30966	6647
hw_g2_dse2	hw_tiler	1	1024	4	62692	7856
hw_g2_dse2	hw_tiler	1	1024	16	205341	9829
hw_g2_dse2	hw_tiler	1	1024	64	1726113	17271
hw_g2_dse2	hw_tiler	1	1024	256	7471024	47337
hw_g2_dse2	hw_tiler	4	256	1	31299	2446
hw_g2_dse2	hw_tiler	4	256	4	61970	2737
hw_g2_dse2	hw_tiler	4	256	16	191642	3579
hw_g2_dse2	hw_tiler	4	256	64	728544	5768
hw_g2_dse2	hw_tiler	4	256	256	6831564	13556
hw_g2_dse2	hw_tiler	16	64	1	31386	1577
hw_g2_dse2	hw_tiler	16	64	4	62011	1667
hw_g2_dse2	hw_tiler	16	64	16	191218	1833
hw_g2_dse2	hw_tiler	16	64	64	683922	2689
hw_g2_dse2	hw_tiler	16	64	256	2944112	6050
hw_g2_dse2	hw_tiler	32	32	1	31733	1340
hw_g2_dse2	hw_tiler	32	32	4	62261	1467
hw_g2_dse2	hw_tiler	32	32	16	191462	1511
hw_g2_dse2	hw_tiler	32	32	64	683451	2153
hw_g2_dse2	hw_tiler	32	32	256	2656677	4090
hw_g2_dse2	hw_tiler	64	16	1	32332	1289
hw_g2_dse2	hw_tiler	64	16	4	63035	1387
hw_g2_dse2	hw_tiler	64	16	16	192518	1451
hw_g2_dse2	hw_tiler	64	16	64	684198	2374
hw_g2_dse2	hw_tiler	64	16	256	2656888	4568
hw_g2_dse2	hw_tiler	256	4	1	36170	1756
hw_g2_dse2	hw_tiler	256	4	4	67025	1812
hw_g2_dse2	hw_tiler	256	4	16	196849	2173
hw_g2_dse2	hw_tiler	256	4	64	691304	4441
hw_g2_dse2	hw_tiler	256	4	256	2673793	11192
hw_g2_dse2	hw_tiler	1024	1	1	45672	4513
hw_g2_dse2	hw_tiler	1024	1	4	77048	4985
hw_g2_dse2	hw_tiler	1024	1	16	209217	6194
hw_g2_dse2	hw_tiler	1024	1	64	715404	12798
hw_g2_dse2	hw_tiler	1024	1	256	2734724	40719
hw_g2_dse3	hw_tiler	1	1024	1	31087	7454
hw_g2_dse3	hw_tiler	1	1024	4	62657	9569
hw_g2_dse3	hw_tiler	1	1024	16	204335	12770
hw_g2_dse3	hw_tiler	1	1024	64	1726305	27533
hw_g2_dse3	hw_tiler	1	1024	256	7471403	87733
hw_g2_dse3	hw_tiler	4	256	1	31073	2782
hw_g2_dse3	hw_tiler	4	256	4	61923	2973
hw_g2_dse3	hw_tiler	4	256	16	191378	4238
hw_g2_dse3	hw_tiler	4	256	64	729229	8059
hw_g2_dse3	hw_tiler	4	256	256	6833250	24980
hw_g2_dse3	hw_tiler	16	64	1	31496	1668
hw_g2_dse3	hw_tiler	16	64	4	61966	1903
hw_g2_dse3	hw_tiler	16	64	16	191316	2005
hw_g2_dse3	hw_tiler	16	64	64	683283	3516
hw_g2_dse3	hw_tiler	16	64	256	2940981	9381
hw_g2_dse3	hw_tiler	32	32	1	31833	1325
hw_g2_dse3	hw_tiler	32	32	4	62403	1388
hw_g2_dse3	hw_tiler	32	32	16	191289	1627
hw_g2_dse3	hw_tiler	32	32	64	683670	2165
hw_g2_dse3	hw_tiler	32	32	256	2656624	5484
hw_g2_dse3	hw_tiler	64	16	1	32360	1249
hw_g2_dse3	hw_tiler	64	16	4	63074	1305
hw_g2_dse3	hw_tiler	64	16	16	192304	1371
hw_g2_dse3	hw_tiler	64	16	64	684432	2381
hw_g2_dse3	hw_tiler	64	16	256	2656470	5177
hw_g2_dse3	hw_tiler	256	4	1	36297	1771
hw_g2_dse3	hw_tiler	256	4	4	67003	1811
hw_g2_dse3	hw_tiler	256	4	16	196664	2213
hw_g2_dse3	hw_tiler	256	4	64	691402	5068
hw_g2_dse3	hw_tiler	256	4	256	2673270	12048
hw_g2_dse3	hw_tiler	1024	1	1	45672	4848
hw_g2_dse3	hw_tiler	1024	1	4	76832	5225
hw_g2_dse3	hw_tiler	1024	1	16	209235	6184
hw_g2_dse3	hw_tiler	1024	1	64	715404	14007
hw_g2_dse3	hw_tiler	1024	1	256	2733726	44700
hw_g2_dse4	hw_tiler	1	1024	1	31144	6597
hw_g2_dse4	hw_tiler	1	1024	4	62582	7817
hw_g2_dse4	hw_tiler	1	1024	16	205408	9982
hw_g2_dse4	hw_tiler	1	1024	64	1726866	17229
hw_g2_dse4	hw_tiler	1	1024	256	7470551	47278
hw_g2_dse4	hw_tiler	4	256	1	31147	2545
hw_g2_dse4	hw_tiler	4	256	4	62146	2725
hw_g2_dse4	hw_tiler	4	256	16	191566	3585
hw_g2_dse4	hw_tiler	4	256	64	728593	5886
hw_g2_dse4	hw_tiler	4	256	256	6832575	13465
hw_g2_dse4	hw_tiler	16	64	1	31429	1547
hw_g2_dse4	hw_tiler	16	64	4	62151	1652
hw_g2_dse4	hw_tiler	16	64	16	191311	1804
hw_g2_dse4	hw_tiler	16	64	64	683526	2731
hw_g2_dse4	hw_tiler	16	64	256	2941420	6021
hw_g2_dse4	hw_tiler	32	32	1	31689	1381
hw_g2_dse4	hw_tiler	32	32	4	62450	1384
hw_g2_dse4	hw_tiler	32	32	16	191338	1592
hw_g2_dse4	hw_tiler	32	32	64	683562	2096
hw_g2_dse4	hw_tiler	32	32	256	2657444	4149
hw_g2_dse4	hw_tiler	64	16	1	32330	1326
hw_g2_dse4	hw_tiler	64	16	4	62884	1469
hw_g2_dse4	hw_tiler	64	16	16	192201	1498
hw_g2_dse4	hw_tiler	64	16	64	684358	2323
hw_g2_dse4	hw_tiler	64	16	256	2656237	4485
hw_g2_dse4	hw_tiler	256	4	1	36187	1756
hw_g2_dse4	hw_tiler	256	4	4	67041	1795
hw_g2_dse4	hw_tiler	256	4	16	196655	2158
hw_g2_dse4	hw_tiler	256	4	64	691523	4419
hw_g2_dse4	hw_tiler	256	4	256	2674005	10905
hw_g2_dse4	hw_tiler	1024	1	1	45672	4480
hw_g2_dse4	hw_tiler	1024	1	4	77178	4720
hw_g2_dse4	hw_tiler	1024	1	16	209113	6181
hw_g2_dse4	hw_tiler	1024	1	64	715362	12473
hw_g2_dse4	hw_tiler	1024	1	256	2735054	39535
hw_g2_dse5	hw_tiler	1	1024	1	31231	5558
hw_g2_dse5	hw_tiler	1	1024	4	62165	6802
hw_g2_dse5	hw_tiler	1	1024	16	201487	9416
hw_g2_dse5	hw_tiler	1	1024	64	1464868	24776
hw_g2_dse5	hw_tiler	1	1024	256	6411791	84256
hw_g2_dse5	hw_tiler	4	256	1	31117	1987
hw_g2_dse5	hw_tiler	4	256	4	61951	2117
hw_g2_dse5	hw_tiler	4	256	16	191319	2918
hw_g2_dse5	hw_tiler	4	256	64	717296	6380
hw_g2_dse5	hw_tiler	4	256	256	5786922	19496
hw_g2_dse5	hw_tiler	16	64	1	31495	1031
hw_g2_dse5	hw_tiler	16	64	4	62046	1267
hw_g2_dse5	hw_tiler	16	64	16	191259	1386
hw_g2_dse5	hw_tiler	16	64	64	683165	2284
hw_g2_dse5	hw_tiler	16	64	256	2867927	6222
hw_g2_dse5	hw_tiler	32	32	1	31552	1090
hw_g2_dse5	hw_tiler	32	32	4	62313	1150
hw_g2_dse5	hw_tiler	32	32	16	191329	1206
hw_g2_dse5	hw_tiler	32	32	64	683487	1738
hw_g2_dse5	hw_tiler	32	32	256	2654055	4168
hw_g2_dse5	hw_tiler	64	16	1	32454	877
hw_g2_dse5	hw_tiler	64	16	4	62952	1022
hw_g2_dse5	hw_tiler	64	16	16	192257	1002
hw_g2_dse5	hw_tiler	64	16	64	684186	1796
hw_g2_dse5	hw_tiler	64	16	256	2655066	4031
hw_g2_dse5	hw_tiler	256	4	1	36135	1471
hw_g2_dse5	hw_tiler	256	4	4	66858	1552
hw_g2_dse5	hw_tiler	256	4	16	196367	1841
hw_g2_dse5	hw_tiler	256	4	64	690453	4137
hw_g2_dse5	hw_tiler	256	4	256	2668610	11058
hw_g2_dse5	hw_tiler	1024	1	1	45516	4561
hw_g2_dse5	hw_tiler	1024	1	4	76936	4891
hw_g2_dse5	hw_tiler	1024	1	16	208000	5444
hw_g2_dse5	hw_tiler	1024	1	64	710584	12277
hw_g2_dse5	hw_tiler	1024	1	256	2718078	43155
hw_g2_dse6	hw_tiler	1	1024	1	31049	6533
hw_g2_dse6	hw_tiler	1	1024	4	62452	7197
hw_g2_dse6	hw_tiler	1	1024	16	201734	8948
hw_g2_dse6	hw_tiler	1	1024	64	1465383	15337
hw_g2_dse6	hw_tiler	1	1024	256	6412433	44039
hw_g2_dse6	hw_tiler	4	256	1	31197	2161
hw_g2_dse6	hw_tiler	4	256	4	61946	2307
hw_g2_dse6	hw_tiler	4	256	16	191403	2956
hw_g2_dse6	hw_tiler	4	256	64	717802	4311
hw_g2_dse6	hw_tiler	4	256	256	5786814	10683
hw_g2_dse6	hw_tiler	16	64	1	31315	1239
hw_g2_dse6	hw_tiler	16	64	4	61995	1265
hw_g2_dse6	hw_tiler	16	64	16	191242	1312
hw_g2_dse6	hw_tiler	16	64	64	683156	1911
hw_g2_dse6	hw_tiler	16	64	256	2867851	4239
hw_g2_dse6	hw_tiler	32	32	1	31544	1079
hw_g2_dse6	hw_tiler	32	32	4	62321	1093
hw_g2_dse6	hw_tiler	32	32	16	191347	1161
hw_g2_dse6	hw_tiler	32	32	64	683322	1607
hw_g2_dse6	hw_tiler	32	32	256	2654515	2697
hw_g2_dse6	hw_tiler	64	16	1	32338	986
hw_g2_dse6	hw_tiler	64	16	4	62959	1050
hw_g2_dse6	hw_tiler	64	16	16	192287	1123
hw_g2_dse6	hw_tiler	64	16	64	684157	1654
hw_g2_dse6	hw_tiler	64	16	256	2655104	3171
hw_g2_dse6	hw_tiler	256	4	1	36069	1481
hw_g2_dse6	hw_tiler	256	4	4	66955	1528
hw_g2_dse6	hw_tiler	256	4	16	196338	1716
hw_g2_dse6	hw_tiler	256	4	64	690340	3094
hw_g2_dse6	hw_tiler	256	4	256	2668619	6865
hw_g2_dse6	hw_tiler	1024	1	1	45518	4358
hw_g2_dse6	hw_tiler	1024	1	4	76949	4594
hw_g2_dse6	hw_tiler	1024	1	16	208206	5043
hw_g2_dse6	hw_tiler	1024	1	64	710468	8620
hw_g2_dse6	hw_tiler	1024	1	256	2718078	26671
hw_g2_dse7	hw_tiler	1	1024	1	31081	7069
hw_g2_dse7	hw_tiler	1	1024	4	62629	8909
hw_g2_dse7	hw_tiler	1	1024	16	201437	11854
hw_g2_dse7	hw_tiler	1	1024	64	1465430	26562
hw_g2_dse7	hw_tiler	1	1024	256	6411361	86646
hw_g2_dse7	hw_tiler	4	256	1	31059	2452
hw_g2_dse7	hw_tiler	4	256	4	61841	2600
hw_g2_dse7	hw_tiler	4	256	16	191127	3572
hw_g2_dse7	hw_tiler	4	256	64	715768	7035
hw_g2_dse7	hw_tiler	4	256	256	5785441	21138
hw_g2_dse7	hw_tiler	16	64	1	31278	1352
hw_g2_dse7	hw_tiler	16	64	4	61903	1491
hw_g2_dse7	hw_tiler	16	64	16	191245	1494
hw_g2_dse7	hw_tiler	16	64	64	683301	2607
hw_g2_dse7	hw_tiler	16	64	256	2866290	7459
hw_g2_dse7	hw_tiler	32	32	1	31641	950
hw_g2_dse7	hw_tiler	32	32	4	62429	979
hw_g2_dse7	hw_tiler	32	32	16	191381	1106
hw_g2_dse7	hw_tiler	32	32	64	683227	1758
hw_g2_dse7	hw_tiler	32	32	256	2654246	4074
hw_g2_dse7	hw_tiler	64	16	1	32280	921
hw_g2_dse7	hw_tiler	64	16	4	62960	1035
hw_g2_dse7	hw_tiler	64	16	16	192138	1032
hw_g2_dse7	hw_tiler	64	16	64	684000	1821
hw_g2_dse7	hw_tiler	64	16	256	2654844	4044
hw_g2_dse7	hw_tiler	256	4	1	36140	1449
hw_g2_dse7	hw_tiler	256	4	4	66831	1507
hw_g2_dse7	hw_tiler	256	4	16	196340	1780
hw_g2_dse7	hw_tiler	256	4	64	690548	3772
hw_g2_dse7	hw_tiler	256	4	256	2668614	9688
hw_g2_dse7	hw_tiler	1024	1	1	45518	4399
hw_g2_dse7	hw_tiler	1024	1	4	76919	4846
hw_g2_dse7	hw_tiler	1024	1	16	208089	5124
hw_g2_dse7	hw_tiler	1024	1	64	710485	10290
hw_g2_dse7	hw_tiler	1024	1	256	2716260	37074
hw_g2_dse8	hw_tiler	1	1024	1	31105	6520
hw_g2_dse8	hw_tiler	1	1024	4	62265	7234
hw_g2_dse8	hw_tiler	1	1024	16	201062	8982
hw_g2_dse8	hw_tiler	1	1024	64	1465459	15369
hw_g2_dse8	hw_tiler	1	1024	256	6412001	43855
hw_g2_dse8	hw_tiler	4	256	1	31198	2155
hw_g2_dse8	hw_tiler	4	256	4	61844	2289
hw_g2_dse8	hw_tiler	4	256	16	191292	2963
hw_g2_dse8	hw_tiler	4	256	64	716970	4477
hw_g2_dse8	hw_tiler	4	256	256	5785776	10659
hw_g2_dse8	hw_tiler	16	64	1	31427	1205
hw_g2_dse8	hw_tiler	16	64	4	62011	1279
hw_g2_dse8	hw_tiler	16	64	16	191118	1360
hw_g2_dse8	hw_tiler	16	64	64	683307	1969
hw_g2_dse8	hw_tiler	16	64	256	2869048	4122
hw_g2_dse8	hw_tiler	32	32	1	31617	1059
hw_g2_dse8	hw_tiler	32	32	4	62462	1027
hw_g2_dse8	hw_tiler	32	32	16	191389	1160
hw_g2_dse8	hw_tiler	32	32	64	683169	1661
hw_g2_dse8	hw_tiler	32	32	256	2654593	2634
hw_g2_dse8	hw_tiler	64	16	1	32267	972
hw_g2_dse8	hw_tiler	64	16	4	63084	1057
hw_g2_dse8	hw_tiler	64	16	16	192157	1137
hw_g2_dse8	hw_tiler	64	16	64	684096	1702
hw_g2_dse8	hw_tiler	64	16	256	2655038	3175
hw_g2_dse8	hw_tiler	256	4	1	36155	1424
hw_g2_dse8	hw_tiler	256	4	4	66998	1526
hw_g2_dse8	hw_tiler	256	4	16	196332	1728
hw_g2_dse8	hw_tiler	256	4	64	690205	3169
hw_g2_dse8	hw_tiler	256	4	256	2668503	6612
hw_g2_dse8	hw_tiler	1024	1	1	45518	4358
hw_g2_dse8	hw_tiler	1024	1	4	76659	4588
hw_g2_dse8	hw_tiler	1024	1	16	208016	4736
hw_g2_dse8	hw_tiler	1024	1	64	710553	8047
hw_g2_dse8	hw_tiler	1024	1	256	2717750	25225
